,0.0,0.06666666666666667,0.13333333333333333,0.2,0.26666666666666666,0.3333333333333333,0.4,0.4666666666666667,0.5333333333333333,0.6,0.6666666666666666,0.7333333333333333,0.8,0.8666666666666667,0.9333333333333333,1.0,1.0666666666666667,1.1333333333333333,1.2,1.2666666666666666,1.3333333333333333,1.4,1.4666666666666666,1.5333333333333332,1.6,1.6666666666666667,1.7333333333333334,1.8,1.8666666666666667,1.9333333333333333,2.0,2.0666666666666664,2.1333333333333333,2.2,2.2666666666666666,2.3333333333333335,2.4,2.466666666666667,2.533333333333333,2.6,2.6666666666666665,2.7333333333333334,2.8,2.8666666666666667,2.933333333333333,3.0,3.0666666666666664,3.1333333333333333,3.2,3.2666666666666666,3.3333333333333335,3.4,3.466666666666667,3.533333333333333,3.6,3.6666666666666665,3.7333333333333334,3.8,3.8666666666666667,3.933333333333333,4.0,4.066666666666666,4.133333333333333,4.2,4.266666666666667,4.333333333333333,4.4,4.466666666666667,4.533333333333333,4.6,4.666666666666667,4.733333333333333,4.8,4.866666666666666,4.933333333333334,5.0,5.066666666666666,5.133333333333333,5.2,5.266666666666667,5.333333333333333,5.4,5.466666666666667,5.533333333333333,5.6,5.666666666666667,5.733333333333333,5.8,5.866666666666666,5.933333333333334,6.0,6.066666666666666,6.133333333333333,6.2,6.266666666666667,6.333333333333333,6.4,6.466666666666667,6.533333333333333,6.6,6.666666666666667,6.733333333333333,6.8,6.866666666666666,6.933333333333334,7.0,7.066666666666666,7.133333333333333,7.2,7.266666666666667,7.333333333333333,7.3999999999999995,7.466666666666667,7.533333333333333,7.6,7.666666666666667,7.733333333333333,7.8,7.866666666666666,7.933333333333334,8.0,8.066666666666666,8.133333333333333,8.2,8.266666666666666,8.333333333333334,8.4,8.466666666666667,8.533333333333333,8.6,8.666666666666666,8.733333333333333,8.8,8.866666666666667,8.933333333333334,9.0,9.066666666666666,9.133333333333333,9.2,9.266666666666666,9.333333333333334,9.4,9.466666666666667,9.533333333333333,9.6,9.666666666666666,9.733333333333333,9.8,9.866666666666667,9.933333333333334,10.0,10.066666666666666,10.133333333333333,10.2,10.266666666666666,10.333333333333334,10.4,10.466666666666667,10.533333333333333,10.6,10.666666666666666,10.733333333333333,10.8,10.866666666666667,10.933333333333334,11.0,11.066666666666666,11.133333333333333,11.2,11.266666666666666,11.333333333333334,11.4,11.466666666666667,11.533333333333333,11.6,11.666666666666666,11.733333333333333,11.8,11.866666666666667,11.933333333333334,12.0,12.066666666666666,12.133333333333333,12.2,12.266666666666666,12.333333333333334,12.4,12.466666666666667,12.533333333333333,12.6,12.666666666666666,12.733333333333333,12.8,12.866666666666667,12.933333333333334,13.0,13.066666666666666,13.133333333333333,13.2,13.266666666666666,13.333333333333334,13.4,13.466666666666667,13.533333333333333,13.6,13.666666666666666,13.733333333333333,13.799999999999999,13.866666666666667,13.933333333333334,14.0,14.066666666666666,14.133333333333333,14.2,14.266666666666666,14.333333333333334,14.4,14.466666666666667,14.533333333333333,14.6,14.666666666666666,14.733333333333333,14.799999999999999,14.866666666666667,14.933333333333334,15.0
-0.03333333333333333,0.0,0.0,0.0,0.0,0.0,0.0,0.0,0.0,0.0,0.0,0.0,0.0,0.0,0.0,0.0,0.0,0.0,0.0,0.0,0.0,0.0,0.0,0.0,0.0,0.0,0.0,0.0,0.0,0.0,0.0,0.0,0.0,0.0,0.0,0.0,0.0,0.0,0.0,0.0,0.0,0.0,0.0,0.0,0.0,0.0,0.0,0.0,0.0,0.0,0.0,0.0,0.0,0.0,0.0,0.0,0.0,0.0,0.0,0.0,0.0,0.0,0.0,0.0,0.0,0.0,0.0,0.0,0.0,0.0,0.0,0.0,0.0,0.0,0.0,0.0,0.0,0.0,0.0,0.0,0.0,0.0,0.0,0.0,0.0,0.0,0.0,0.0,0.0,0.0,0.0,0.0,0.0,0.0,0.0,0.0,0.0,0.0,0.0,0.0,0.0,0.0,0.0,0.0,0.0,0.0,0.0,0.0,0.0,0.0,0.0,0.0,0.0,0.0,0.0,0.0,0.0,0.0,0.0,0.0,0.0,0.0,0.0,0.0,0.0,0.0,0.0,0.0,0.0,0.0,0.0,0.0,0.0,0.0,0.0,0.0,0.0,0.0,0.0,0.0,0.0,0.0,0.0,0.0,0.0,0.0,0.0,0.0,0.0,0.0,0.0,0.0,0.0,0.0,0.0,0.0,0.0,0.0,0.0,0.0,0.0,0.0,0.0,0.0,0.0,0.0,0.0,0.0,0.0,0.0,0.0,0.0,0.0,0.0,0.0,0.0,0.0,0.0,0.0,0.0,0.0,0.0,0.0,0.0,0.0,0.0,0.0,0.0,0.0,0.0,0.0,0.0,0.0,0.0,0.0,0.0,0.0,0.0,0.0,0.0,0.0,0.0,0.0,0.0,0.0,0.0,0.0,0.0,0.0,0.0,0.0,0.0,0.0,0.0,0.0,0.0,0.0,0.0,0.0,0.0,0.0,0.0,0.0,0.0,0.0,0.0,0.0
0.03333333333333335,0.0,0.0,0.0,0.0,0.0,0.0,0.0,0.0,0.0,-0.0015769988858460014,-0.007582504749800075,-0.014487363652689378,-0.020975449871827142,-0.02647593095548833,-0.030789855195500954,-0.0338843865065342,-0.03579793115049952,-0.03659981947349991,-0.036373061668675016,-0.035206444325137365,-0.033190640292111315,-0.03041623128156567,-0.02697269433209771,-0.02294785592217944,-0.01842753853885772,-0.013495251803014526,-0.008231857292090076,-0.0027151822355554424,0.002980416132682211,0.008784519139914737,0.014631124448199317,0.02045910668311527,0.026212635001227523,0.031841524258606244,0.037301500533172674,0.0425543668547494,0.04756806065800033,0.05231660027183535,0.05677992330542056,0.06094362474988715,0.06479860672334306,0.06834065486921685,0.07156995839138448,0.07449059158013317,0.07710997453442066,0.07943832976185435,0.08148814962182924,0.08327368737180764,0.08481048208431446,0.08611492510984634,0.08720387322871972,0.08809431128947434,0.08880306506318124,0.08934656330705379,0.08974064665068633,0.09000041989136431,0.09014014358841446,0.09017316044383938,0.09011185180275055,0.08996761965442042,0.08975088971580353,0.08947113149026824,0.08913689157639619,0.08875583692254979,0.08833480515637927,0.0878798595445703,0.08739634654249955,0.0868889542664352,0.08636177055679545,0.0858183395971864,0.08526171631025525,0.08469451796927879,0.08411897264645113,0.08353696426830674,0.0829500741692226,0.08235961912915978,0.081766685955315,0.081172162722506,0.08057676682697029,0.07998107003555383,0.07938552072938507,0.07879046355015072,0.07819615665975387,0.07760278682192777,0.07701048250851672,0.07641932522462676,0.07582935923650455,0.07524059987447665,0.07465304057109114,0.07406665878214519,0.07348142092587653,0.07289728646346152,0.07231421123228192,0.07173215013230524,0.07115105925545513,0.07057089753808021,0.06999162800757565,0.06941321868589041,0.06883564320504822,0.06825888118289855,0.06768291840108015,0.06710774682158285,0.06653336447329865,0.06595977523552969,0.06538698854152467,0.06481501902171045,0.06424388610334081,0.06367361358075259,0.06310422916828139,0.062535764046099,0.06196825240777169,0.0614017310171676,0.060836238781439435,0.060271816346145944,0.059708505718129114,0.05914634992150576,0.058585392692042715,0.05802567821523071,0.0574672509135324,0.05691015528852288,0.05635443582393289,0.05580013695591136,0.05524730311710254,0.054695978861333455,0.05414620907577847,0.053598039287339604,0.053051516069584505,0.05250668755583022,0.051963604062755415,0.05142231882715555,0.050882888856006975,0.05034537588674109,0.04980984745039893,0.04927637802497173,0.048745050259522645,0.048215956241364655,0.04768919876827193,0.04716489257492455,0.046643165446857836,0.04612415913528297,0.045608029961439304,0.045094948969122174,0.04458510144915963,0.04407868562226931,0.04357591023248728,0.04307699078227438,0.04258214414782859,0.042091581369268494,0.04160549853768383,0.04112406591882782,0.040647415769044626,0.040175629698589,0.03970872687524914,0.03924665475606821,0.03878928427575219,0.038336411384149754,0.03788776640880398,0.03744303187762882,0.03700186822160125,0.036563945351712326,0.03612897673390098,0.035696751590468,0.03526716053411904,0.03484021047824288,0.03441602606872095,0.03399483694155472,0.03357695243859629,0.033162727527320364,0.032752525112134744,0.03234668038193432,0.03194547222728222,0.03154910524460089,0.03115770378774225,0.030771317392406926,0.03038993512769361,0.03001350533606992,0.029641956934036675,0.02927521889262954,0.028913235483236523,0.02855597607126345,0.0282034393875825,0.027855653096134043,0.02751266999892234,0.027174562372334454,0.026841415783470136,0.02651332340435731,0.026190381442120055,0.025872685928845986,0.025560330825328752,0.025253407211136263,0.024952003253988664,0.02465620465117421,0.024366095285202106,0.024081757907510666,0.023803274736912194,0.023530727920830025,0.02326419985191679,0.023003773360400298,0.022749531816770707,0.02250155918487064,0.02225994006697361,0.022024759784668627,0.02179610454685987,0.021574061774155846,0.021358720684630933,0.021150173310998863,0.020948516233362337,0.020753853509209216,0.02056630162357674,0.020385997874433945,0.020213114643403658,0.020047883827952397,0.019890638966238286,0.019741888447356717,0.019602443867933923,0.019473647081541194,0.019357775374782293,0.019258768201225226,0.019183534230645734,0.019144263213411096,0.019162384627398464,0.019274547582032255,0.01953746655861742,0.02001892808678085,0.020682927637477932,0.020682927637477932
0.10000000000000003,0.0,0.0,0.0,0.0,0.0,0.0,0.0,0.0,0.0,-0.0040091594158841665,-0.01328101379661244,-0.023287558527864013,-0.03222026648748111,-0.039268019546493914,-0.04418745113966815,-0.04700975824112946,-0.04788001678140759,-0.04698088719988996,-0.04450034690994396,-0.04061971725707692,-0.03551022055568965,-0.029332782288089346,-0.022238853475163682,-0.014371370966525295,-0.0058655391110382,0.0031506517130170915,0.012556162088172444,0.022236854313507595,0.03208560490448353,0.04200252628442341,0.05189524855680415,0.06167921738821362,0.07127797001230683,0.0806233578500537,0.08965569104470722,0.09832378715017646,0.10658491307445211,0.11440461592542604,0.12175644439436441,0.12862156752886236,0.13498830202797402,0.14085156243601413,0.146212250784598,0.15107660336537454,0.15545551249397963,0.15936384047582314,0.16281974166013613,0.16584400663649598,0.1684594404540345,0.17069028438386838,0.1725616883386662,0.17409923872634714,0.175328544339997,0.1762748809407972,0.17696289351925093,0.177416353845126,0.17765796984291468,0.17770924254694534,0.17759036587681898,0.17732016419981808,0.17691606257771453,0.1763940846942077,0.1757688736894742,0.17505373145536263,0.1742606723372627,0.17340048761928642,0.17248281761527917,0.17151622863100105,0.1705082924885575,0.16946566670274346,0.16839417376371582,0.16729887830753798,0.16618416124417126,0.1650537901617112,0.16391098553770195,0.1627584824657133,0.16159858775109986,0.1604332323473354,0.15926401919695732,0.1580922666123296,0.1569190473843182,0.15574522384449524,0.1545714791313115,0.15339834492513163,0.15222622592318513,0.1510554213250988,0.14988614359424987,0.14871853475099134,0.147552680441862,0.14638862201511,0.14522636681788625,0.1440658969148839,0.14290717641243278,0.1417501575564649,0.14059478575758122,0.13944100368187484,0.13828875453234024,0.1371379846326958,0.13598864541333763,0.13484069488795036,0.13369409869902532,0.1325488308011727,0.13140487384264174,0.13026221929784051,0.12912086739684847,0.12798082689189055,0.12684211469545026,0.12570475542009962,0.12456878084616363,0.1234342293399787,0.12230114524270348,0.12116957824734921,0.12003958277987922,0.11891121739884174,0.11778454422699756,0.11665962842775719,0.11553653773888847,0.11441534207586433,0.11329611321733206,0.11217892458544601,0.111063851134147,0.10995096935882794,0.10884035744110299,0.10773209554250016,0.1066262662607128,0.10552295526143131,0.10442225209758606,0.10332425122588285,0.10222905322759702,0.10113676623649868,0.1000475075712366,0.09896140556225362,0.09787860155403369,0.09679925205186113,0.09572353096795161,0.09465163190438801,0.09358377038929867,0.09252018595762998,0.09146114393811615,0.09040693677313966,0.08935788465791422,0.08831433524045948,0.08727666207648192,0.08624526148875804,0.08522054744855286,0.08420294409247435,0.08319287553399238,0.08219075275219542,0.08119695757040586,0.0802118240970849,0.07923561849637152,0.07826851855921198,0.07731059518757838,0.07636179846284219,0.07542195128172628,0.0744907534300582,0.07356779827538296,0.07265260292987445,0.07174465084009744,0.07084344354491481,0.06994855620844152,0.06905968997175052,0.06817671364012577,0.06729968803650223,0.06642886853449274,0.06556468453432843,0.06470769836699011,0.06385854954460471,0.06301789267897134,0.062186338240043555,0.061364404453112024,0.06055248626735237,0.059750844031999276,0.05895961103019534,0.058178816068722466,0.05740841543714805,0.056648327965961885,0.05589846754700786,0.05515876899780249,0.054429205090802034,0.05370979446728582,0.05300060165832361,0.052301731351363595,0.05161331934735716,0.05093552245753808,0.05026850907027297,0.04961245146851763,0.048967520356613906,0.04833388156452104,0.04771169458159145,0.04710111242565322,0.04650228234093442,0.04591534689249374,0.04534044513949995,0.044777713689464434,0.04422728753819992,0.04368930067598656,0.0431638864885174,0.0426511780066276,0.04215130806908965,0.04166440946589231,0.04119061513306509,0.04073005848170977,0.0402828739718214,0.039849198097061306,0.039429171047515504,0.039022939492765835,0.038630661226413024,0.03825251291834119,0.03788870307171343,0.03753949371008622,0.03720523670853962,0.0368864346471477,0.0365838425550257,0.03629863726437168,0.03603269678845127,0.03578905328875105,0.03557260429505493,0.03539115421224428,0.03525673957805673,0.03518649234611144,0.03520116774719532,0.0353105880688726,0.03548831394550068,0.035615377444810074,0.035615377444810074
0.1666666666666667,0.0,0.0,0.0,0.0,0.0,0.0,0.0,0.0,0.0,-0.005614494467788044,-0.01604962427796812,-0.026056542596271798,-0.03381614601642156,-0.03873232221141511,-0.040813281048124046,-0.04030815959265072,-0.037531090902403474,-0.03279032949621138,-0.026366291321097364,-0.018508973552552245,-0.00944154777753998,0.0006350171178468651,0.011537972901109033,0.023099793256163768,0.03516606575618718,0.04759408107576404,0.06025193375495899,0.07301798273729705,0.08578055358208637,0.09843779149804484,0.11089759529655994,0.12307757860316243,0.13490501769253785,0.1463167561804282,0.1572590461441665,0.16768731336689846,0.17756584142431317,0.18686737526813146,0.19557264978396896,0.20366985249964312,0.21115403221688983,0.2180264669035697,0.22429400482598158,0.22996839276502168,0.23506560440636773,0.23960518078746074,0.24360959317698178,0.2471036370912607,0.25011386442810285,0.2526680590077119,0.2547947592142761,0.2565228299707001,0.25788108497622814,0.2588979590028998,0.2596012290834986,0.2600177826267188,0.2601734298568892,0.26009275748577276,0.25979902017150325,0.25931406609247476,0.2586582928491809,0.2578506298912443,0.2569085437363668,0.2558480623886807,0.2546838155619591,0.2534290875547612,0.2520958798969183,0.25069498117789885,0.24923604176692338,0.2477276514330761,0.24617741816350153,0.24459204675311913,0.24297741599565875,0.24133865354021225,0.23968020768812726,0.23800591559124912,0.2363190674744161,0.23462246664361294,0.23291848515765026,0.231209115137378,0.22949601576419504,0.22778055608099212,0.22606385375569685,0.2243468100022233,0.22263014087773486,0.2209144051903972,0.21920002925978838,0.21748732877421156,0.21577652798654676,0.2140677764840157,0.21236116375822087,0.2106567317908107,0.20895448585775592,0.20725440374199697,0.20555644353058283,0.20386055015869806,0.2021666608494177,0.2004747095848726,0.19878463073187536,0.19709636193307875,0.19540984636349126,0.19372503444169661,0.1920418850754508,0.19036036651247873,0.18868045685923854,0.18700214432317427,0.18532542722749962,0.18365031384182515,0.18197682206692864,0.18030497900763573,0.1786348204640919,0.17696639036863043,0.17529974019293,0.1736349283481711,0.17197201959941144,0.17031108451432894,0.16865219896581948,0.16699544370758976,0.16534090404181884,0.16368866959808068,0.16203883424296261,0.1603914961400609,0.1587467579801836,0.1571047274015039,0.15546551761891514,0.1538292482807702,0.15219604656931293,0.1505660485581793,0.14893940083608512,0.14731626239988532,0.14569680681224914,0.14408122460883832,0.14246972592669385,0.1408625433090908,0.13925993462197062,0.13766218599278518,0.13606961465381529,0.1344825715385025,0.1329014434409946,0.13132665450630446,0.12975866677218853,0.12819797943624361,0.12664512647676637,0.1251006722204226,0.1235652044344512,0.12203932454168004,0.12052363463416871,0.11901872112140462,0.1175251351182809,0.11604337007744903,0.11457383770456293,0.11311684383812304,0.11167256665964576,0.11024104020511061,0.10882214650822299,0.10741561962816765,0.1060210641255956,0.10463798915482639,0.10326585728239276,0.10190414465155058,0.10055240660520977,0.09921034090108198,0.09787783976004025,0.09655502259733056,0.0952422435223403,0.09394007130245463,0.09264924384631416,0.09137060349945703,0.09010502264994469,0.08885333060156424,0.08761625206950983,0.08639436515132132,0.08518808282210626,0.08399765776408182,0.08282320656952134,0.08166474676749888,0.08052223908835456,0.0793956278739321,0.07828487421411615,0.07718997869497728,0.07611099300397486,0.07504802158507351,0.07400121579572883,0.0729707635228831,0.07195687707293424,0.07095978157042218,0.0699797053192132,0.06901687280383571,0.06807150037691223,0.06714379425665956,0.06623395024851467,0.06534215456787681,0.06446858521903792,0.06361341352102584,0.0627768055183714,0.06195892314404897,0.061159925098894535,0.060379967474529755,0.05961920418053183,0.058877787250138466,0.05815586710175854,0.057453592835002384,0.05677111264820195,0.056108574488104704,0.05546612709242683,0.05484392167811572,0.05424211468761359,0.05366087227239934,0.05310037763130318,0.05256084302780611,0.05204252942618255,0.05154577839238433,0.05107106338100003,0.05061907078490111,0.05019082449764645,0.04978786867286313,0.049412513769038054,0.0490681124768001,0.04875920702188941,0.048491131646074256,0.04826780820819075,0.048086496648035285,0.0479220183178211,0.04772989802803227,0.047491634499950905,0.047491634499950905
0.2333333333333334,0.0,0.0,0.0,0.0,0.0,0.0,0.0,0.0,0.0,-0.006169263564608686,-0.015374655545790336,-0.021932216597441566,-0.024686523054721063,-0.023810905154225737,-0.01985065830608188,-0.01336015429004101,-0.004810907970734512,0.005411048567698857,0.01698757826647463,0.029650925902585452,0.04317048605384264,0.05734367814841189,0.07198989793044067,0.08694658578260746,0.10206669807165515,0.1172170897553951,0.13227747851844623,0.14713976992118558,0.16170759458517983,0.1758959553943175,0.18963091432599763,0.20284927079786524,0.215498199920659,0.22753483184178563,0.23892576355003503,0.24964650263879226,0.25968084884954806,0.26902022386776814,0.27766296291900294,0.2856135833393276,0.2928820456422057,0.29948302189139925,0.3054351846666907,0.3107605278379465,0.31548372799564156,0.31963155294605544,0.32323232134858887,0.32631541548368453,0.3289108473753646,0.3310488770894305,0.33275968098601294,0.33407306699430084,0.335018233550678,0.33562356864298404,0.3359164853758193,0.3359232905616623,0.3356690830050075,0.3351776783463449,0.33447155754409047,0.33357183627907494,0.3324982527589907,0.33126917157609087,0.32990160143114033,0.3284112246831263,0.3268124368214956,0.32511839408962634,0.3233410676180886,0.3214913025563199,0.3195788808227574,0.31761258622641547,0.31560027084667375,0.31354892169136245,0.3114647267844384,0.30935313996186686,0.30721894377600106,0.30506631002324514,0.3028988575158444,0.3007197068153044,0.298531531731645,0.29633660746917,0.29413685536573564,0.2919338842289219,0.28972902831955294,0.28752338207133665,0.28531783166573577,0.28311308360437065,0.28090969043812336,0.2787080738234678,0.27650854508322664,0.2743113234516606,0.2721165521832475,0.2699243127013171,0.26773463695743827,0.2655475181655897,0.2633629200671146,0.26118078487361884,0.2590010400256329,0.2568236038952758,0.25464839055153243,0.2524753136972737,0.25030428987792347,0.24813524105282833,0.2459680966119976,0.24380279491298515,0.24163928440536506,0.23947752440349396,0.23731748556209808,0.23515915010366217,0.23300251184164686,0.2308475760391788,0.22869435913907346,0.2265428883978083,0.22439320145336217,0.22224534585464278,0.22009937857850115,0.21795536555905531,0.2158133812531541,0.21367350826528023,0.21153583705492388,0.20940046574942237,0.20726750008534003,0.20513705350156555,0.20300924740730977,0.2008842116479434,0.19876208519094593,0.1966430170529455,0.19452716748665877,0.1924147094432229,0.19030583032061912,0.18820073400225193,0.18609964318085798,0.18400280195134258,0.1819104786413813,0.1798229688302111,0.17774059848350293,0.17566372710515896,0.17359275077509237,0.17152810490552511,0.1694702665075555,0.16741975571574438,0.16537713627327216,0.16334301463702056,0.1613180373256867,0.1593028861118098,0.1572982706601889,0.1553049182535598,0.15332356033782857,0.15135491578257051,0.1493996710074209,0.14745845748718941,0.145531827622754,0.14362023053441944,0.14172398994973168,0.13984328692595882,0.13797815053064957,0.1361284596306234,0.13429395843740044,0.13247428730138672,0.1306690284248597,0.12887776382750077,0.12710014039008005,0.12533593462395118,0.123585108534661,0.12184784805666443,0.1201245772824517,0.11841594497941058,0.11672278416903156,0.11504605000724705,0.1133867448978443,0.11174584186142943,0.11012421719101573,0.10852260136194945,0.1069415535263448,0.10538146055619338,0.10384255746630285,0.10232496297506652,0.10082872244694295,0.09935385059201758,0.09790036778438643,0.09646832616321681,0.09505782418256492,0.0936690104457816,0.09230207915417607,0.09095726019862638,0.0896348069042164,0.08833498390611706,0.08705805684056342,0.08580428470634402,0.0845739150531067,0.08336718166715183,0.08218430416682039,0.08102548885276425,0.07989093022403321,0.0787808127068518,0.07769531229792066,0.07663459796368435,0.07559883274386694,0.0745881745776744,0.0736027769090111,0.07264278914157873,0.0717083570154677,0.07079962297253717,0.06991672657581956,0.0690598050546541,0.06822899406858526,0.06742442882706012,0.06664624577953661,0.06589458521714041,0.06516959532220053,0.0644714384852436,0.06380030108179564,0.06315640829891014,0.06254004576837499,0.06195158897759777,0.06139153785175788,0.06086054347383575,0.06035938739753467,0.059888817513399424,0.05944901930378865,0.059038358348417246,0.058650578958704215,0.05827123025615107,0.0578697651151921,0.057428649567746404,0.057021283748752136,0.057021283748752136
0.30000000000000004,0.0,0.0,0.0,0.0,0.0,0.0,0.0,0.0,0.0,-0.005594279863371669,-0.00991281972788187,-0.008222358734515958,-0.0014416909733686997,0.008910678883684733,0.02170367552964489,0.03620458475549465,0.051930844104837004,0.06854067650114119,0.08577185269017186,0.10340977830349037,0.12127097190381222,0.1391943748101604,0.15703669061932868,0.174669845512953,0.19197958376304539,0.20886466936200435,0.22523639773048823,0.2410182451447401,0.2561455522366121,0.2705651783261982,0.28423508887561916,0.29712385583253187,0.30921006349305435,0.32048162240577077,0.33093500149188615,0.3405743942576886,0.34941083883281154,0.3574613136592521,0.36474783110299713,0.371296550254685,0.37713692798942905,0.3823009242794543,0.38682227412874565,0.3907358346504144,0.3940770120249291,0.3968812695975304,0.3991837153690102,0.4010187647116945,0.4024198723452919,0.4034193264250459,0.40404809697540756,0.40433573076596974,0.40431028497654353,0.40399829253425446,0.4034247527307611,0.40261314155594513,0.401585437043793,0.4003621557608098,0.39896239733722383,0.3974038946212834,0.39570306761444024,0.39387507981763653,0.3919338959912115,0.38989234061310435,0.38776215652500506,0.38555406339792775,0.38327781574133934,0.3809422602362587,0.37855539220385015,0.37612441103618127,0.37365577442223985,0.37115525120530624,0.3686279727110598,0.3660784823915528,0.36351078363957146,0.36092838564120955,0.35833434715135076,0.3557313180966151,0.3531215789321979,0.350507077702076,0.3478894647753145,0.3452701252539214,0.3426502090691681,0.3400306588030188,0.3374122352889255,0.3347955410614874,0.33218104173727686,0.3295690854194528,0.3269599202267271,0.3243537100529281,0.3217505486670265,0.31915047226524573,0.31655347058701194,0.31395949670521217,0.3113684755987951,0.30878031161231906,0.3061948949029017,0.3036121069702573,0.3010318253603682,0.2984539276279114,0.29587829463700677,0.2933048132742771,0.2907333786427011,0.2881638957993814,0.2855962810952044,0.28303046316948904,0.2804663836481508,0.27790399758968487,0.2753432737193961,0.2727841944888436,0.2702267559943628,0.26767096778584276,0.2651168525946456,0.262564446007639,0.2600137961127792,0.25746496314050327,0.25491801912432976,0.252373047603501,0.24983014339018006,0.24728941242357824,0.2447509717333687,0.2422149495347476,0.23968148547742718,0.23715073107055565,0.23462285030489596,0.2320980204923814,0.22957643334115405,0.22705829628115148,0.22454383405090905,0.22203329055015308,0.21952693095459266,0.2170250440786251,0.21452794495801092,0.2120359776074843,0.20954951788729892,0.20706897638754093,0.20459480120951803,0.20212748048982962,0.1996675444755211,0.19721556691941955,0.194772165525681,0.19233800114031058,0.18991377535483017,0.1875002261798041,0.1850981214565269,0.18270824971923813,0.18033140830750444,0.17796838867048986,0.17561995901337216,0.17328684472080547,0.17096970735699224,0.1686691234785475,0.16638556497619744,0.16411938312566843,0.16187079888151165,0.15963990206035164,0.15742666178525158,0.15523094977204213,0.15305257667281752,0.15089133981723415,0.14874707853771435,0.14661973122041327,0.14450938678298633,0.14241632292405568,0.14034102454029496,0.13828417819456754,0.1362466421087495,0.13422939518393848,0.1322334721672821,0.13025989446808103,0.12830960671464522,0.12638342779889142,0.12448202220498876,0.12260589356175264,0.12075539847212953,0.11893077557240674,0.11713218301162193,0.11535973729876003,0.11361354755448719,0.11189374117207329,0.11020047917464565,0.10853396163382573,0.10689442502688364,0.10528213420075719,0.10369737171806874,0.10214042695236115,0.10061158660513277,0.09911112755438141,0.09763931227717092,0.09619638660835221,0.09478257932705486,0.09339810297560927,0.09204315535971691,0.09071792129600356,0.08942257431410963,0.0881572781509452,0.08692218797636551,0.08571745135695655,0.08454320900100305,0.08339959534033298,0.08228673900171467,0.08120476320871044,0.08015378613903694,0.079133921244716,0.07814527752219567,0.07718795969385221,0.07626206822340564,0.07536769902122162,0.07450494257292761,0.07367388199030701,0.072874589025649,0.07210711618621339,0.07137148129242867,0.0706676372863952,0.06999541321061734,0.06935439941287183,0.06874372670083236,0.06816165501276551,0.06760483335017563,0.0670671452646593,0.0665379786092454,0.06600213552593796,0.06543883725555993,0.06486192764280523,0.0643923679758347,0.0643923679758347
0.36666666666666675,0.0,0.0,0.0,0.0,0.0,0.0,0.0,0.0,0.0,-0.001917512042895968,0.006333155507444918,0.023452805661987784,0.04467357544394734,0.06744164211594604,0.09065993541330238,0.11387202191283365,0.1368669930255465,0.15952080733970894,0.18173804734875945,0.2034325514555969,0.22452233515589903,0.24492943243541668,0.26458118707449846,0.2834117529370328,0.3013633901157299,0.3183874433606134,0.3344449921626266,0.3495071935499536,0.36355534621189206,0.3765807053564351,0.38858407769401365,0.3995752267139484,0.40957211995116044,0.4186000516743919,0.42669067574109026,0.433880983757397,0.44021226284687426,0.44572906516698363,0.4504782179008748,0.4545078980209034,0.4578667909905943,0.4606033471067884,0.46276514374208544,0.46439835664584245,0.4655473389492694,0.4662543027660634,0.4665590953729929,0.46649905990988993,0.4661089693103428,0.46542102167368465,0.4644648853985497,0.46326778298840515,0.46185460337951906,0.4602480338098201,0.458468703535655,0.45653533302329863,0.45446488352304454,0.45227270312444084,0.4499726664574585,0.4475773061265636,0.445097934735557,0.44254475698279516,0.4399269717882054,0.43725286476917447,0.434529891628487,0.43176475317173363,0.4289634627515708,0.42613140695850826,0.42327340035751504,0.4203937350196691,0.41749622552925564,0.4145842500679515,0.411660788095811,0.40872845506876143,0.4057895345576813,0.4028460080670825,0.39989958279313526,0.39695171751157093,0.39400364674574045,0.39105640333309977,0.3881108394838251,0.38516764640709955,0.38222737256783385,0.37929044062816475,0.37635716312306833,0.3734277569170049,0.3705023564879113,0.36758102608549825,0.3646637708121583,0.3617505466764664,0.3588412696709604,0.3559358239273935,0.35303406900380424,0.3501358463584919,0.3472409850662147,0.34434930683170156,0.34146063035484,0.3385747751007683,0.33569156452656346,0.3328108288143579,0.329932407158602,0.32705614965286717,0.3241819188191244,0.3213095908198916,0.31843905639107706,0.3155702215307982,0.31270300797697764,0.30983735350414554,0.3069732120676384,0.30411055382130964,0.3012493650329901,0.29838964792025435,0.2955314204275818,0.2926747159647691,0.2898195831254281,0.2869660854036098,0.2841143009260115,0.28126432221682124,0.2784162560120196,0.2755702231398571,0.27272635848419524,0.2698848110473924,0.2670457441293508,0.2642093356391302,0.2613757785550536,0.25854528154834133,0.2557180697838684,0.25289438590941277,0.25007449124154413,0.2472586671518264,0.24444721665095062,0.24164046616045648,0.23883876745147067,0.23604249971700259,0.23325207172845694,0.23046792400786872,0.22769053092481495,0.22492040260120383,0.2221580864787646,0.21940416837431187,0.2166592728187578,0.21392406245037923,0.21119923621504152,0.2084855261208741,0.20578369230799656,0.2030945162314425,0.20041879182355582,0.19775731460681034,0.19511086887456502,0.19248021325006032,0.18986606517495375,0.18726908516464635,0.184689861985068,0.18212890022383973,0.17958661199311113,0.17706331463028957,0.17455923615412697,0.17207452978457627,0.16960929797688146,0.16716362516197347,0.1647376168492945,0.16233144118545514,0.159945367824051,0.15757979842674466,0.1552352835800274,0.15291252247861997,0.15061234422850106,0.1483356726215093,0.14608347910487673,0.14385673075947575,0.14165634091000123,0.13948312931968648,0.13733779693485654,0.1352209173204277,0.1331329439242309,0.13107422977874267,0.12904505467312033,0.12704565440894341,0.12507624740010354,0.12313705527494685,0.12122831586062989,0.11935028856265113,0.11750325339266593,0.11568750559703347,0.11390334800172607,0.11215108293287694,0.11043100506765478,0.10874339598895107,0.10708852069327625,0.10546662591286857,0.10387793988503494,0.10232267311836538,0.10080101972821502,0.09931315899809222,0.09785925693007191,0.09643946764816554,0.09505393459812816,0.09370279154017462,0.09238616335900528,0.09110416672322083,0.08985691061892284,0.08864449676388216,0.08746701988022078,0.0863245677625471,0.08521722101756005,0.08414505225620886,0.08310812436626638,0.08210648724123888,0.08114017192444893,0.08020918043721864,0.07931346842486564,0.07845291590774392,0.07762727847137446,0.07683610666220102,0.07607861462561757,0.07535347031902442,0.07465847049325336,0.07399006641940545,0.07334273051059739,0.07270835350514411,0.07207595033944483,0.07143443947823279,0.07077518179599761,0.07013399090779882,0.06964977037026732,0.06964977037026732
0.43333333333333346,0.0,0.0,0.0,0.0,0.0,0.0,0.0,0.0,0.0,0.017146129884240222,0.053695279922535984,0.0935781566778641,0.1313301921638092,0.16613030211759025,0.19826109364022776,0.22813206411680412,0.25606715952328823,0.28228655671988073,0.30692944392686977,0.33007946071723615,0.3517848173710562,0.3720727570407512,0.3909595895618174,0.40845754019932395,0.4245793597752694,0.43934135568446736,0.4527652895715845,0.46487944244724866,0.475719054182906,0.485326285395263,0.49374981351136654,0.501044152754226,0.5072687741025724,0.5124870920942868,0.5167653781703307,0.5201716535864445,0.522774607956103,0.5246425819422522,0.5258426445481578,0.5264397871455947,0.5264962482020056,0.526070975022283,0.5252192220497446,0.5239922796265254,0.5224373227365787,0.5205973661748103,0.5185113107375398,0.5162140642740187,0.5137367215916513,0.5111067880639364,0.5083484331462282,0.5054827616732431,0.502528092633981,0.49950023696610524,0.4964127676867687,0.4932772773139119,0.4901036189903398,0.4869001289820026,0.48367382927725455,0.48043060987201003,0.47717539100071243,0.47391226608343456,0.47064462652601624,0.46737526975426813,0.464106492005702,0.4608401674625083,0.45757781530527547,0.4543206562140001,0.4510696597548659,0.44782558397967004,0.44458900843920307,0.44136036168006254,0.43813994416237445,0.4349279474082319,0.4317244700706537,0.42852953150264284,0.42534308330679244,0.4221650192583827,0.4189951839189995,0.4158333801929785,0.41267937602468135,0.4095329103898206,0.4063936986977497,0.40326143769274847,0.40013580991979136,0.397016487803113,0.3939031373731182,0.3907954216680027,0.387693003830105,0.3845955499128786,0.3815027314118708,0.37841422753182175,0.375329727201561,0.37224893084845984,0.36917155194463586,0.3660973183376585,0.3630259733790883,0.3599572768647062,0.35689100580067745,0.35382695501013905,0.3507649375947761,0.3477047852658701,0.344646348559053,0.3415894969466439,0.3385341188609478,0.3354801216413454,0.3324274314173652,0.3293759929392746,0.32632576936705743,0.32327674202798573,0.3202289101523646,0.31718229059645275,0.31413691756103823,0.31109284231370393,0.3080501329224479,0.3050088740080389,0.30196916652228073,0.2989311275592333,0.2958948902063888,0.292860603442792,0.28982843209113235,0.2867985568308805,0.28377117427955884,0.28074649714918076,0.27772475448472256,0.274706191991115,0.27169107245460006,0.2686796762632656,0.2656723020300632,0.2626692673194286,0.25967090947566956,0.25667758654728945,0.2536896782962289,0.250707587274344,0.24773173994112468,0.244762587786449,0.24180060840998446,0.23884630649475025,0.23590021459662225,0.23296289365492512,0.2300349331128832,0.22711695052238506,0.2242095904976423,0.22131352287980768,0.21842943998268738,0.21555805281152077,0.21270008618528957,0.20985627275033347,0.20702734595068104,0.20421403211917938,0.20141704197311058,0.19863706193679018,0.19587474586644002,0.19313070790737802,0.1904055173474711,0.18769969640725834,0.18501372187686968,0.1823480313186759,0.1797030341597296,0.17707912739042567,0.1744767148123138,0.17189622795361373,0.16933814607100967,0.1668030122830897,0.16429144300881715,0.1618041285975626,0.15934182428049237,0.15690533214021293,0.15449547636476102,0.15211307526552656,0.1497589141027533,0.1474337225350979,0.14513815954591427,0.14287280723420073,0.14063817324007413,0.13843470016346618,0.1362627794078049,0.13412276656948202,0.13201499577040357,0.12993979103733957,0.12789747374239926,0.1258883660075029,0.12391279066978717,0.12197106881451765,0.12006351600087511,0.11819043819097483,0.1163521281337092,0.11454886264569064,0.1127809009463066,0.11104848398810738,0.10935183459349765,0.10769115815730601,0.10606664368244599,0.1044784649585696,0.1029267817498207,0.10141174091181746,0.0999334774007561,0.0984921151655067,0.0970877679268925,0.09572053984877958,0.09439052609480339,0.09309781324265966,0.09184247949230011,0.09062459454842038,0.08944421896864224,0.08830140262501697,0.08719618169222469,0.0861285731939985,0.08509856552083868,0.0841061023425036,0.08315105578664042,0.08223318239099188,0.08135205190684246,0.08050693444320725,0.07969662625117084,0.07891919110470495,0.07817159887453262,0.07744927468905981,0.07674564784657019,0.07605206089741502,0.07535851209260101,0.07465805911672865,0.07395057735228898,0.0732836547596347,0.07280083140569266,0.07280083140569266
0.5000000000000001,0.0,0.0,0.0,0.0,0.0,0.0,0.0,0.0,0.0,0.10358651680883432,0.18070649782585269,0.23832526562862655,0.2842271427485046,0.3227979307877011,0.35635520682983396,0.3861736819901661,0.4129908762765831,0.4372534082759218,0.45924355696428404,0.47914832019060727,0.49709907779246293,0.5131952941391184,0.5275190885444454,0.5401443377980296,0.5511423673016177,0.5605854293927025,0.5685486924421519,0.575111194499832,0.5803560594603231,0.5843701827628682,0.5872435398686925,0.5890682380885988,0.5899374112037252,0.5899440410311135,0.5891797773221666,0.5877338153725303,0.5856918787002836,0.5831353419987372,0.5801405175621147,0.576778116978471,0.5731128895850948,0.5692034304202676,0.565102143479421,0.560855341126664,0.5565034574941184,0.5520813524521129,0.5476186829829627,0.5431403202119953,0.5386667925978218,0.5342147385331733,0.5297973545735732,0.5254248284648823,0.5211047489139301,0.5168424865283167,0.5126415424816064,0.5085038632185707,0.5044301209115665,0.500419960443098,0.4964722144619156,0.49258508858618094,0.488756319152633,0.4849833060775744,0.48126322344110245,0.47759311036201463,0.47396994462321135,0.4703907013570337,0.4668523989230389,0.46335213391967944,0.4598871070754905,0.45645464157155385,0.4530521951600092,0.4496773672666271,0.44632790210108564,0.4430016886479365,0.4396967582748805,0.43641128057303197,0.4331435579360057,0.42989201929034404,0.42665521330821093,0.4234318013634687,0.42022055043321016,0.41702032609746054,0.41383008574902475,0.4106488720922638,0.40747580698296904,0.4043100856404799,0.40115097124691523,0.39799778993608514,0.3948499261655765,0.391706818459095,0.38856795550182655,0.3854328725689282,0.3823011482658423,0.37917240155870857,0.37604628907336646,0.37292250264217897,0.36980076707893894,0.3666808381633517,0.363562500817897,0.3604455674612241,0.3573298765235264,0.35421529111059696,0.3511016978044188,0.3479890055892053,0.3448771448927649,0.3417660667339178,0.3386557419674535,0.33554616061878434,0.33243733130102826,0.329329280707761,0.3262220531751128,0.3231157103072551,0.32001033065964285,0.31690600947465075,0.313802858464463,0.3107010056362755,0.3076005951550269,0.3045017872390147,0.30140475808386824,0.2983096998104594,0.2952168204324244,0.2921263438390818,0.28903850978963674,0.2859535739146945,0.2828718077212726,0.27979349859770747,0.27671894981510264,0.2736484805222976,0.27058242573171026,0.2675211362938892,0.2644649788591105,0.2614143358249521,0.2583696052693342,0.25533120086908423,0.252299551804486,0.2492751026504916,0.24625831325516961,0.2432496586054023,0.2402496286788032,0.23725872827922523,0.23427747685119596,0.23130640826636562,0.22834607057295545,0.22539702569778963,0.22245984909031424,0.2195351292995431,0.2166234674782759,0.2137254768139,0.21084178189070102,0.20797301799338155,0.2051198303636088,0.20228287341923232,0.1994628099384208,0.1966603101988402,0.1938760510473472,0.191110714862454,0.18836498836499915,0.18563956123679914,0.18293512452532562,0.18025236884378157,0.17759198241489685,0.17495464904394703,0.17234104613101592,0.16975184283565892,0.16718769848592216,0.16464926128259683,0.16213716729923963,0.15965203973176226,0.15719448831900149,0.1547651088429883,0.152364482624335,0.14999317594991202,0.1476517394008089,0.145340707082409,0.14306059578962088,0.14081190416380707,0.13859511190967344,0.13641067913839336,0.1342590458885428,0.13214063185312963,0.13005583631505624,0.12800503827076476,0.12598859670685186,0.12400685098867384,0.12206012132243674,0.12014870926027507,0.11827289822815719,0.11643295406632277,0.11462912557956041,0.11286164509926519,0.11113072906104776,0.10943657860137943,0.10777938017518589,0.10615930619416457,0.10457651568335619,0.10303115495128823,0.10152335826665171,0.10005324853148137,0.0986209379363365,0.09722652857568004,0.09587011298939319,0.09455177457570438,0.09327158778613819,0.09202961795516428,0.09082592052090736,0.08966053923391862,0.08853350268895259,0.08744481808734259,0.08639446044861826,0.08538235439792409,0.08440834396541397,0.08347214331494084,0.08257325777609958,0.08171086010167976,0.08088360243957314,0.08008934357459564,0.07932478085925468,0.07858501914140403,0.0778632006259585,0.07715061269991438,0.0764377900019075,0.07571942276134076,0.07499832418584619,0.07432567948084935,0.07384549264266986,0.07384549264266986
0.5666666666666668,0.46222222222222276,0.4545130013039174,0.44806838286788214,0.4427120755571397,0.4391473663652846,0.43850174887304944,0.44157573064922956,0.45174511023680497,0.47115641029598065,0.4710873964827798,0.483624642257986,0.502510820509404,0.5232363557193495,0.5437175608840777,0.563040812297376,0.5808063838806853,0.5968438520414663,0.6110899157863156,0.6235349307897916,0.6341990740332523,0.6431215588650689,0.6503556437376086,0.6559661702844666,0.6600281335781163,0.6626255921445589,0.6638506017507112,0.6638020388147974,0.66258427111972,0.6603056826340932,0.6570770869800716,0.6530100798762234,0.648215388832359,0.6428012803202242,0.6368720816099113,0.6305268673048244,0.6238583502781188,0.6169520042994534,0.6098854323105485,0.6027279812035107,0.5955405920826676,0.5883758651263635,0.5812783108044463,0.5742847545476967,0.5674248599323937,0.5607217357434338,0.5541925944716919,0.5478494333707696,0.5416997136232335,0.5357470179706725,0.5299916719494799,0.5244313183460436,0.5190614384411676,0.5138758169440859,0.5088669501861621,0.5040263991741634,0.49934509055184056,0.494813569467166,0.4904222088807022,0.4861613800670018,0.48202158903746056,0.47799358342061016,0.4740684340331422,0.47023759500834106,0.46649294595317226,0.4628268192062937,0.4592320148839088,0.4557018060395799,0.4522299359338513,0.4488106091124835,0.4454384777284145,0.4421086243110269,0.4388165419846433,0.4355581129637857,0.4323295860027988,0.429127553349185,0.42594892764083975,0.4227909190949149,0.41965101325808757,0.4165269495227117,0.41341670055890345,0.4103184527676001,0.4072305878227023,0.4041516653403868,0.40108040668955003,0.3980156799382055,0.3949564859157388,0.3919019453595234,0.38885128710593564,0.3858038372797561,0.3827590094318731,0.37971629557273356,0.3766752580477826,0.3736355222009532,0.37059676977286016,0.36755873298154684,0.364521189235272,0.3614839564287754,0.35844688877663483,0.3554098731396369,0.35237282580245016,0.3493356896633013,0.3462984317987068,0.34326104136865343,0.3402235278298399,0.33718591942674747,0.3341482619323219,0.33111061761196076,0.3280730643862528,0.32503569516954417,0.3219986173628818,0.31896195248120435,0.3159258358958192,0.31289041667422635,0.30985585750020483,0.30682233465780656,0.3037900380634643,0.30075917133087654,0.29772995185365325,0.29470261089093547,0.29167739364136436,0.2886545592908884,0.28563438102000815,0.28261714595622944,0.2796031550577729,0.2765927229150407,0.27358617745708425,0.2705838595514135,0.26758612248710123,0.2645933313333472,0.2616058621686678,0.2586241011797936,0.25564844363435374,0.2526792927376699,0.249717058391576,0.24676215588223532,0.24381500453445493,0.24087602638189448,0.23794564491560136,0.2350242839870059,0.23211236695519108,0.2292103161808739,0.22631855297977668,0.22343749815426914,0.22056757322234996,0.21770920245503714,0.21486281581461797,0.21202885285436382,0.20920776759231657,0.20640003430432416,0.20360615409106664,0.20082666195717824,0.19806213399654005,0.1953131941102868,0.1925805195063706,0.1898648440690543,0.1871669585876208,0.1844877068543537,0.18182797684478474,0.17918868662510853,0.1765707652985535,0.17397513014626897,0.17140266200628615,0.16885418167181182,0.16633043046114374,0.1638320579384763,0.16135961897414122,0.1589135809995804,0.15649434066572432,0.1541022474927435,0.1517376308698501,0.1494008262173335,0.14709219639245621,0.14481214544074444,0.14256112331830897,0.14033962188203197,0.1381481638940256,0.1359872877308508,0.13385753079206134,0.13175941429770985,0.12969343141565884,0.12766003970322448,0.125659657920426,0.12369266655334431,0.12175941096805497,0.11986020600254099,0.11799534093395135,0.11616508403579774,0.11436968626618818,0.11260938392641638,0.11088440035265767,0.10919494683654667,0.10754122302096834,0.10592341700679787,0.10434170535979632,0.10279625314672214,0.1012872140718492,0.09981473073824272,0.0983789350249783,0.09697994855037134,0.09561788317808333,0.09429284151229574,0.09300491731381819,0.09175419574371076,0.09054075329513034,0.0893646571934751,0.08822596390729842,0.08712471618237588,0.08606093763208296,0.08503462330047017,0.08404572362611437,0.08309411768459996,0.08217956922571797,0.08130165559899082,0.08045965507525439,0.07965237291345922,0.07887788314372965,0.07813316780590576,0.07741366684744119,0.07671282791344922,0.07602201569183416,0.0753312481813824,0.07463360374406694,0.07392889165203803,0.07326469322560006,0.07278407606683256,0.07278407606683256
0.6333333333333334,0.7822222222222225,0.7753396728048846,0.7688217114209192,0.7622818242434759,0.7566598990509693,0.752876691596822,0.7521033910122601,0.7545779078457814,0.7614279396680536,0.7575764273469024,0.7541361699333112,0.7531986026269988,0.7541497773166947,0.7560649835224863,0.7582042891502397,0.7600428077297627,0.7612231174979494,0.7615096096829186,0.7607552562282087,0.7588786290884565,0.7558479469632226,0.7516697276316335,0.7463804282666492,0.7400400223650005,0.7327268340770468,0.7245331945907634,0.7155616480066928,0.705921545133429,0.6957259401496474,0.6850887572115979,0.6741222278493041,0.6629346192709789,0.6516282813742974,0.6402980388673267,0.6290299468616976,0.6179004160121687,0.6069756990274452,0.5963117162111301,0.5859541852698239,0.5759390111201532,0.5662928854780398,0.557034043752092,0.5481731278912454,0.539714107751441,0.5316552194742449,0.5239898864978636,0.5167075963955409,0.5097947141357565,0.5032352191249316,0.49701135923629175,0.49110421980830304,0.4854942092934227,0.48016146592019243,0.4750861915203719,0.47024891971617044,0.46563072611485345,0.4612133881649588,0.45697950201915066,0.45291256323159435,0.4489970174792893,0.44521828680330394,0.4415627761655937,0.4380178644433573,0.43457188335689334,0.43121408726063554,0.4279346162255434,0.42472445440458567,0.4215753852987406,0.4184799452238065,0.41543137601249686,0.4124235777654457,0.409451062282708,0.40650890765828485,0.40359271439886185,0.40069856332969545,0.397822975471359,0.39496287400748814,0.3921155484128897,0.389278620770971,0.3864500142775226,0.38362792390283124,0.38081078916458805,0.3779972689491088,0.375186218307086,0.3723766671418137,0.36956780070198525,0.3667589417873246,0.36394953457310175,0.3611391299587254,0.35832737234581624,0.35551398775228554,0.3526987731707724,0.34988158708220973,0.34706234103815603,0.34424099222876753,0.3414175369567793,0.3385920049415696,0.3357644543811996,0.3329349677042274,0.33010364794701125,0.3272706156961152,0.32443600653927246,0.3215999689720881,0.31876266271128534,0.31592425736874896,0.313084931443893,0.31024487159496,0.307404272152712,0.30456333484260645,0.3017222686839166,0.2988812900363984,0.29604062276696624,0.29320049851044117,0.2903611569997945,0.28752284644239107,0.2846858239195946,0.2818503557877129,0.27901671805869416,0.27618519673923536,0.27335608810709133,0.2705296989034375,0.267706346420193,0.2648863584613588,0.2620700731577526,0.2592578386151748,0.2564500123771507,0.25364696068515985,0.25084905752186437,0.2480566834265548,0.24527022407706767,0.24249006863913433,0.2397166078927499,0.23695023215606928,0.23419132904080736,0.2314402810894113,0.22869746336351013,0.22596324107531238,0.2232379673784124,0.22052198146119162,0.2178156071134619,0.2151191519633635,0.21243290760418126,0.2097571508462882,0.20709214633362436,0.2044381507519814,0.20179541882222676,0.1991642112092118,0.19654480437971003,0.19393750230328347,0.19134264970185655,0.18876064631260714,0.18619196133606408,0.18363714691036032,0.18109684911617863,0.17857181473428352,0.17606289183660256,0.17357102240134292,0.1710972256097266,0.1686425713752499,0.166208144961722,0.1637950051296837,0.1614041398476332,0.159036424851625,0.15669259085090725,0.15437320466574264,0.15207866795607694,0.14980923463921736,0.14756504505384946,0.14534617203873812,0.14315267201068507,0.140984633342059,0.1388422150446217,0.13672567079258177,0.13463535617805253,0.132571720123624,0.1305352839225696,0.12852661295503193,0.1265462865355629,0.12459487067637962,0.12267289712327661,0.12078085027062908,0.1189191619072231,0.11708821249303229,0.11528833696664002,0.11351983292679002,0.11178296929930792,0.11007799411744869,0.10840514063528989,0.10676463152495076,0.10515668130037363,0.1035814973390173,0.1020392799548565,0.10053022195098786,0.09905450799330157,0.09761231403771611,0.0962038069403753,0.094829144298262,0.09348847451161922,0.09218193702693667,0.09090966270378477,0.08967177424284506,0.08846838660850716,0.08729960737005975,0.08616553686296904,0.08506626802605803,0.08400188568672173,0.08297246492070083,0.08197806786585674,0.08101873795543531,0.08009448984905003,0.0792052922070867,0.07835103861398411,0.07753149900693808,0.07674623942651089,0.07599449115568616,0.0752749417590873,0.07458541103785998,0.07392237871266019,0.07328035132451867,0.07265126407253815,0.07202416906257258,0.071388043522758,0.07073412764243511,0.07009831552368938,0.06961857960956928,0.06961857960956928
0.7000000000000002,0.9600000000000003,0.9533733244219832,0.9468841198496007,0.9401169879589435,0.9338370882957261,0.9285221051704724,0.9246947758555144,0.921889025140136,0.9194559849419891,0.9124556399990666,0.9034468347625801,0.8941187553362862,0.8849011468254757,0.8756926576621853,0.8662608076835457,0.8563880394684986,0.8459114704802624,0.8347263678282746,0.8227793081814779,0.8100595572335645,0.7965911001017904,0.7824257725102494,0.7676373720733154,0.7523165209039964,0.7365660823774334,0.7204969987609618,0.7042244782108417,0.6878645092258515,0.6715307157089314,0.6553315864786374,0.6393681205641746,0.6237319257913339,0.6085037955335874,0.5937527700580149,0.5795356678431778,0.5658970516452254,0.5528695765059426,0.5404746541369975,0.5287233610883877,0.5176175168503322,0.5071508618575417,0.49731027308882103,0.4880769651902759,0.4794276364243882,0.47133553008483037,0.4637713924396465,0.45670431721823546,0.450102473880358,0.44393372237237955,0.4381661209232375,0.4327683358898792,0.4277099639965323,0.4229617777897942,0.4184959049916032,0.41428595187603334,0.41030707998365806,0.4065360445403049,0.4029512019530161,0.3995324927753286,0.39626140560560213,0.39312092652921243,0.3900954779496476,0.3871708499785946,0.3843341269692892,0.38157361127570016,0.3788787458954849,0.376240037299072,0.3736489794524038,0.3710979797986822,0.36858028776721535,0.3660899262181597,0.3636216261043248,0.3611707645296968,0.35873330630424066,0.3563057490317699,0.3538850717188726,0.3514686868552378,0.3490543958869449,0.34664034798252824,0.34422500197544137,0.34180709135471643,0.33938559216729547,0.33695969368992756,0.3345287717251815,0.3320923643745527,0.3296501501415524,0.3272019282187739,0.32474760081505033,0.3222871573817732,0.3198206606011113,0.31734823400313267,0.31487005108358745,0.3123863257992674,0.3098973043233386,0.30740325794877654,0.3049044770339197,0.3024012658901668,0.2998939385178891,0.29738281510264036,0.29486821918971035,0.2923504754608832,0.2898299080429158,0.28730683928269046,0.28478158892918626,0.28225447366731193,0.2797258069532529,0.27719589910523323,0.2746650576075198,0.2721335875890329,0.26960179244111315,0.26706997454177395,0.26453843605619476,0.262007479785243,0.2594774100354746,0.2569485334853843,0.2544211600236537,0.2518956035358197,0.24937218261618943,0.2468512211820099,0.24433304896691968,0.24181800187063296,0.23930642214173378,0.23679865837049374,0.23429506526890204,0.23179600321577803,0.22930183754611216,0.22681293756587134,0.22432967527667927,0.22185242379933237,0.2193815554913933,0.21691743976247266,0.21446044060170952,0.21201091384579418,0.20956920423308864,0.20713564231036993,0.20471054128373176,0.20229419393432566,0.1998868697526937,0.19748881248175962,0.19510023829677728,0.19272133488849424,0.19035226175017886,0.18799315199540095,0.18564411604545902,0.18330524751540067,0.18097663158626603,0.17865835606740932,0.1763505252141486,0.17405327615980362,0.17176679753657076,0.16949134949182362,0.1672272838633009,0.1649750627880197,0.16273527354687517,0.16050863708851917,0.15829600756547962,0.15609836050168022,0.15391676802152573,0.1517523609612437,0.14960627958017858,0.14747961675610913,0.14537335958806738,0.14328833674844632,0.14122517924746936,0.13918430118503147,0.13716590454932093,0.13517000852005018,0.13319649971196781,0.13124519619854333,0.12931591579918708,0.12740853855009737,0.12552305464263047,0.12365959207504394,0.12181842212357442,0.11999994462196033,0.11820465813062894,0.11643312182647492,0.11468591617288099,0.11296360832710298,0.11126672626409763,0.10959574330800005,0.10795107268416664,0.10633307019623044,0.10474204234725512,0.10317825712350134,0.10164195507236871,0.10013335900403537,0.09865268141058155,0.09720012936342987,0.09577590712920397,0.09438021701310985,0.09301325902442455,0.09167522991332316,0.0903663220101234,0.08908672215649872,0.08783661088743808,0.08661616192087404,0.08542554194413891,0.08426491064940657,0.0831344209564754,0.08203421936212886,0.08096444636330166,0.0799252369105145,0.07891672085419373,0.07793902334600054,0.07699226514598138,0.07607656275732286,0.07519202825032893,0.07433876851905306,0.07351688348302862,0.07272646229339373,0.07196757570290394,0.07124026098121032,0.0705444922192266,0.06988012205215131,0.06924676784950666,0.06864359251297937,0.06806889482486769,0.06751937234798819,0.0669889692228159,0.0664671358244841,0.06593877500610171,0.06538298241608353,0.06481389802166548,0.0643511729398281,0.0643511729398281
0.7666666666666668,0.9955555555555554,0.9883230100636905,0.9811775755302662,0.9740901756418923,0.9675692140897266,0.9616763632426001,0.9562952180913001,0.9507454345586671,0.9440841614159974,0.9345686980808965,0.9225922935458655,0.9089727251300433,0.8942200884402434,0.8785587247675641,0.8620715161160825,0.8447960222901355,0.8267698769053171,0.808047640427206,0.7887045463114902,0.768834915207632,0.7485486473642654,0.727967159477203,0.7072192746995983,0.6864372515317269,0.6657530358237022,0.645294801156465,0.6251838473522205,0.605531930763625,0.5864390945603551,0.5679920507858984,0.5502631404038067,0.5333098667029524,0.5171749658671373,0.5018869506293684,0.4874610421462277,0.4739003934849883,0.46119750573198504,0.4493357435988651,0.438290869447183,0.4280325303771146,0.4185256500265251,0.4097316930427194,0.40160978448301404,0.3941176779656237,0.38721257505204665,0.38085180429240917,0.3749933720168825,0.36959639880319833,0.3646214560776998,0.3600308169390579,0.3557886343697695,0.3518610587755767,0.34821630544607535,0.34482468117910303,0.34165857802899074,0.3386924409636623,0.3359027151649435,0.3332677777834068,0.33076785815830817,0.3283849498249937,0.3261027170449252,0.3239063980951842,0.3217827071334175,0.3197197361000947,0.3177068578231222,0.315734631241904,0.3137947094615359,0.31187975117656447,0.30998333586215393,0.30809988301383573,0.30622457562120237,0.30435328798247263,0.30248251790289504,0.3006093232679477,0.29873126294020247,0.29684634189481574,0.2949529604814675,0.29304986767905605,0.29113611819261626,0.28921103322901254,0.28727416477836987,0.28532526322142093,0.28336424807861343,0.2813911817145715,0.2794062458111013,0.27740972042311074,0.2754019654343999,0.2733834042340862,0.271354509439267,0.269315790495284,0.26726778299144704,0.2652110395371877,0.2631461220512093,0.2610735953241549,0.2589940217235037,0.25690795691773316,0.25481594650514555,0.2527185234410405,0.25061620616507485,0.24850949733858302,0.24639888310927396,0.2442848328280417,0.24216779914955416,0.24004821845479188,0.2379265115397743,0.23580308452029025,0.2336783299075586,0.23155262781433875,0.2294263472551205,0.2272998475076233,0.2251734795059498,0.2230475872383644,0.2209225091248414,0.21879857935124403,0.21667612913829865,0.2145554879244442,0.21243698444220713,0.21032094766800918,0.20820770762533872,0.20609759602104827,0.2039909466942872,0.20188809585731382,0.19978938210728764,0.1976951461882638,0.19560573048314875,0.19352147821654503,0.19144273235143916,0.18936983416584294,0.187303121500104,0.18524292667201428,0.18318957406547298,0.18114337740975373,0.1791046367808655,0.17707363537458878,0.1750506361229959,0.17303587825305952,0.17102957391760001,0.16903190506535518,0.16704302075799599,0.16506303518645432,0.16309202668500752,0.16113003808597384,0.15917707879557788,0.15723312899530384,0.15529814637274778,0.15337207574828923,0.15145486187217172,0.14954646550160108,0.14764688260972283,0.1457561662124322,0.14387444982110176,0.14200197095742137,0.14013909255197346,0.13828631948499565,0.13644430715453829,0.13461385894416072,0.13279590997958032,0.13099149573059324,0.1292017058387373,0.12742762587545833,0.12567027221673566,0.12393052736032137,0.12220908425194432,0.12050640804949689,0.1188227219999535,0.11715802085051841,0.11551211097161629,0.11388467195249581,0.1122753307813474,0.11068373766197816,0.10910963252248028,0.10755289332857,0.10601356093200155,0.10449183952288602,0.10298807585836203,0.10150272348724866,0.10003629968610304,0.09858934268260279,0.09716237525863992,0.09575587853520805,0.09437027725590733,0.09300593573371453,0.09166316214600614,0.09034221817223148,0.08904333098946897,0.0877667051701326,0.08651253281459097,0.08528100107308767,0.08407229690436342,0.08288660939955401,0.0817241302559421,0.08058505305106786,0.07946957190236703,0.07837787996257212,0.07731016804750247,0.07626662355475711,0.07524742972666788,0.07425276524294513,0.0732828040936849,0.07233771567397815,0.07141766504904645,0.07052281335720781,0.06965331834346089,0.06880933504877434,0.06799101672250488,0.06719851608485279,0.06643198715447776,0.06569158799004934,0.06497748489475541,0.06428985892065679,0.06362891588740238,0.06299490153627857,0.06238812361297942,0.06180898192198642,0.06125800377330194,0.06073587207797489,0.060243406090141526,0.059781400961286285,0.05935009831705527,0.05894794620324095,0.05856875602423451,0.058198278067384576,0.05780577718206354,0.0573745423217453,0.05697623389976549,0.05697623389976549
0.8333333333333335,0.8888888888888885,0.8798154502660505,0.8718769233535506,0.8652725335194834,0.8599275264159645,0.8553282484938824,0.8508232616347773,0.8455529289963724,0.8386022029367595,0.8290858570171802,0.8168947299623925,0.8023776626082768,0.7859507060679326,0.7679624746096771,0.7486915828000789,0.7283735790952358,0.7072224716366953,0.6854421625852074,0.6632307333829583,0.640780751090125,0.6182776421637464,0.5958972763823049,0.5738033814690248,0.5521451401021453,0.5310551829822884,0.510648111232844,0.4910196226301551,0.47224626461567293,0.4543857896020831,0.43747804676887536,0.42154631288743183,0.40659894557600584,0.39263123675470485,0.3796273507793748,0.3675622478502388,0.3564035149592687,0.34611305000219356,0.33664856660690795,0.32796490569243814,0.3200151538679357,0.31275157850428537,0.30612639522658175,0.3000923865051088,0.29460339081172016,0.28961468119503014,0.2850832506874966,0.280968020104561,0.2772299818085896,0.27383229106304885,0.27074031479627847,0.2679216459807998,0.2653460904320751,0.2629856316383254,0.260814378236301,0.25880849792602423,0.2569461409468002,0.2552073556932888,0.2535739986115122,0.25202964016006807,0.2505594683340513,0.24915019101365216,0.24778993820432968,0.24646816507153874,0.24517555653309625,0.24390393405102534,0.24264616515820772,0.2413960761605411,0.2401483683705511,0.2388985381521174,0.23764280098716822,0.23637801971315436,0.23510163702435155,0.2338116122801239,0.23250636261892846,0.23118470833773594,0.22984582246243032,0.2284891844053809,0.22711453758146785,0.22572185083315513,0.22431128349843524,0.22288315394238217,0.22143791136332738,0.21997611067806014,0.21849839028664458,0.2170054525161705,0.21549804654372048,0.21397695360176805,0.21244297427385106,0.21089691769443172,0.20933959247409994,0.2077717991794775,0.20619432420611067,0.20460793489209309,0.20301337572995587,0.20141136554432487,0.19980259551284246,0.19818772791772546,0.19656739552500113,0.19494220149780933,0.19331271975911382,0.19167949572766632,0.19004304735906177,0.1884038664311707,0.18676242002012583,0.1851191521193338,0.18347448535970348,0.18182882279439988,0.18018254971598255,0.1785360354777573,0.17688963529459417,0.1752436920013598,0.17359853774949568,0.17195449562417825,0.17031188116596124,0.16867100378183758,0.16703216803133153,0.16539567477355954,0.16376182216125265,0.1621309064675465,0.16050322273100348,0.15887906520388953,0.1572587275882925,0.15564250304433347,0.15403068395460734,0.15242356142925864,0.15082142453689815,0.14922455924812816,0.14763324708098172,0.1460477634413885,0.14446837565717038,0.14289534071140828,0.1413289026907281,0.13976928997658297,0.1382167122234666,0.13667135718772358,0.13513338749474801,0.13360293746140472,0.13208011012484924,0.13056497466870182,0.1290575644824247,0.12755787613862743,0.12606586962341443,0.12458147020230444,0.12310457234124335,0.12163504611740196,0.12017274653159507,0.1187175260520844,0.11726925055323083,0.11582781853667051,0.1143931831185788,0.11296537573199263,0.11154452985539798,0.11013090240714737,0.10872488985832986,0.10732703577790885,0.10593802661949453,0.10455867325584113,0.10318987715462555,0.1018325821193044,0.10048771496439379,0.0991561209474977,0.09783850170889402,0.09653536433082248,0.09524698951842012,0.09397342469958216,0.0927145042886432,0.09146989506772489,0.09023916046461537,0.08902183434404158,0.08781749348487336,0.08662581850793839,0.08544663549054135,0.08427993426503834,0.0831258635920784,0.08198470712891646,0.08085684667192568,0.07974272017485877,0.0786427815538377,0.0775574676366434,0.07648717533806834,0.07543224981434543,0.07439298242891965,0.0733696161198503,0.07236235525996224,0.07137137723938725,0.07039684357035933,0.06943890908258163,0.06849772854182609,0.06757346064711511,0.06666626977830487,0.06577632607357467,0.06490380445362447,0.06404888313301703,0.06321174202584412,0.062392561308151594,0.0615915202728911,0.06080879651891959,0.060044565456496606,0.05929900008353589,0.058572270982344056,0.05786454649874273,0.05717599308953177,0.05650677585882738,0.05585705935178083,0.05522700874375027,0.054616791669571924,0.05402658110700644,0.05345656000231395,0.05290692876938609,0.052377917505552055,0.05186980588918418,0.0513829554379924,0.05091786129812301,0.05047523399624417,0.050056125028670975,0.04966211100281486,0.04929554194688859,0.048959819816387175,0.04865955127061566,0.04840015722766562,0.04818566580293723,0.048013570391323084,0.04785860878155295,0.047677633221239656,0.047450175899507764,0.047450175899507764
0.9000000000000002,0.6399999999999988,0.6293927176171791,0.6246529300854994,0.623610332836493,0.6245331275789762,0.6259732820543815,0.6267899014239368,0.6260076714668749,0.6228227674442182,0.6166762592940106,0.6074493954715332,0.5953963983303721,0.5809518005659472,0.5645920844367848,0.5467714387233698,0.5279003697718353,0.5083420766843202,0.48841442491975834,0.46839298871068485,0.4485139094979016,0.4289764572350616,0.40994547250415614,0.39155386825336896,0.37390529168360737,0.35707696353903573,0.34112264848974894,0.32607567293321743,0.31195189402600304,0.2987525306830643,0.2864667864510845,0.2750742184445338,0.26454683025536124,0.2548508863780964,0.2459484598097656,0.23779873324796344,0.2303590787555168,0.22358594217682567,0.21743555812673024,0.21186451986572705,0.20683022635278914,0.2022912265241643,0.1982074785390786,0.1945405394483254,0.1912536985384222,0.18831206553023652,0.18568262290638046,0.18333424993581027,0.1812377244744103,0.1793657073519772,0.17769271310310672,0.17619506994755266,0.17485087125436446,0.1736399202097648,0.17254366902628995,0.17154515375551332,0.17062892557557674,0.1697809792969836,0.16898867974771492,0.16824068664675604,0.16752687854163958,0.16683827636150783,0.16616696711588866,0.1655060282464849,0.16484945311217095,0.16419207805490602,0.16352951145624312,0.16285806515113666,0.1621746885188764,0.16147690552148453,0.16076275490918018,0.16003073376187107,0.15927974448624752,0.15850904534098856,0.15771820451862875,0.1569070577724319,0.1560756695405816,0.15522429748838368,0.15435336036209402,0.1534634090253786,0.15255510053117172,0.15162917506757545,0.15068643560617923,0.14972773007442708,0.1487539358700868,0.14776594653509997,0.14676466040775607,0.14575097107587492,0.14472575945914637,0.14368988735565164,0.1426441922955557,0.14158948355375187,0.14052653918259955,0.13945610393560393,0.13837888796274764,0.13729556616803323,0.13620677812948653,0.13511312849129123,0.13401518774677543,0.13291349333958047,0.13180855101844804,0.13070083638863547,0.12959079660996609,0.12847885219794533,0.1273653988902083,0.12625080954582021,0.12513543604963281,0.12401961119803291,0.12290365054601382,0.12178785419859169,0.12067250853219046,0.1195578878337731,0.11844425584721979,0.11733186721778771,0.11622096882645264,0.1151118010065754,0.11400459863567733,0.11289959209519507,0.11179700809095364,0.11069707032678355,0.10960000002327255,0.10850601627313285,0.10741533622414183,0.10632817508015871,0.10524474591040893,0.10416525925716957,0.10308992253229764,0.102018939193861,0.1009525076956268,0.09989082020452549,0.098834061084673,0.09778240515136426,0.09673601570495725,0.095695042363116,0.0946596187208855,0.0936298598820211,0.0926058599224497,0.09158768936832858,0.09057539279755907,0.08956898670545753,0.08856845781301882,0.08757376203974968,0.08658482441124603,0.08560154022148223,0.08462377781507888,0.08365138338521669,0.08268418818248996,0.081722018477131,0.08076470848540927,0.07981211623368299,0.07886414197041147,0.07792074824494775,0.07698198018026246,0.07604798384527021,0.07511902009864517,0.07419547098682108,0.07327783590538849,0.0723667154177974,0.07146278192793927,0.0705667382498749,0.06967926727230227,0.06880097799073236,0.06793235470328021,0.06707371668484056,0.06622519486947871,0.06538672994764842,0.06455809310961122,0.06373892701521272,0.06292880118808737,0.06212727365088824,0.06133394976223462,0.06054853006108603,0.0597708412486241,0.05900084768698634,0.05823864423504611,0.057484434156170425,0.056738497694441496,0.05600115749449771,0.05527274641944232,0.054553581830577076,0.05384394848825024,0.05314409036845572,0.05245421021279427,0.051774474727004374,0.05110502303825011,0.05044597620898138,0.04979744611044084,0.049159542594293185,0.04853237851029287,0.04791607259997353,0.047310750607827794,0.04671654509672195,0.04613359446777024,0.04556204161324249,0.04500203251925555,0.04445371501801313,0.043917237789322536,0.0433927496382181,0.042880399031091004,0.04238033385290993,0.041892701347135894,0.04141764821250538,0.04095532085378185,0.040505865816790554,0.04006943048554792,0.03964616419052387,0.039236219989406504,0.03883975756501531,0.038456947989434,0.03808798161307206,0.037733081192684946,0.03739252380660133,0.03706667750314761,0.03675606260346202,0.03646145410152236,0.03618405194393221,0.035925761924962114,0.03568965038070536,0.03548066065785669,0.03530665313776173,0.03517977056029519,0.035117206768010105,0.03514020807715692,0.035258061671629586,0.035447728098851744,0.035586040436524954,0.035586040436524954
0.9666666666666669,0.24888888888888727,0.2675272304079529,0.2869383336984941,0.3034136457724192,0.31652704155911154,0.32637432599913796,0.3330650701960882,0.33660562895823865,0.3369660052671086,0.3341969944445999,0.32854435570513335,0.32045355203791115,0.3104740796843492,0.2991562345919141,0.2869875022660698,0.274368452942723,0.26161282869792807,0.24895842618073086,0.2365809030334986,0.22460686077717987,0.21312491607347256,0.20219456642651198,0.1918530818035237,0.18212077504120924,0.173005002912983,0.16450320526466355,0.15660523274980911,0.14929515652658548,0.14255270145887503,0.13635440117082226,0.13067454036564383,0.1254859270766056,0.12076052345560359,0.1164699559795876,0.11258592213517889,0.10908050875912534,0.10592643599273842,0.10309723962150324,0.10056740322937756,0.09831245013900841,0.09630900363849804,0.09453482260059361,0.09296881833003351,0.09159105734571164,0.09038275381564524,0.08932625450832175,0.0884050183976861,0.08760359245543316,0.08690758467760658,0.08630363501522213,0.08577938460082266,0.08532344347235946,0.08492535687886059,0.08457557019460384,0.08426539245577394,0.08398695855262597,0.08373319014924667,0.08349775545215463,0.08327502800025079,0.08306004469598456,0.08284846333688266,0.08263651993525241,0.08242098613077689,0.08219912700583132,0.08196865960746076,0.0817277124644425,0.0814747863644238,0.08120871662664012,0.08092863707204732,0.08063394585659743,0.08032427329640983,0.07999945177708609,0.07965948780445449,0.07930453622145912,0.0789348765863154,0.07855089168083501,0.0781530480951785,0.0777418788162732,0.07731796773167489,0.07688193594858149,0.07643442981879453,0.07597611055439851,0.07550764531546976,0.07502969964992776,0.0745429311663779,0.07404798432315848,0.07354548622050122,0.07303604328747247,0.07252023876093179,0.07199863085990442,0.071471751565314,0.07094010592179564,0.07040417178515611,0.069864399945848,0.06932121456547828,0.06877501386979284,0.06822617104771032,0.06767503531176898,0.06712193308076929,0.06656716925041642,0.06601102852238332,0.06545377676642097,0.06489566239394218,0.06433691772490449,0.06377776033283475,0.06321839435548642,0.06265901176091603,0.06209979356073464,0.061540910963946364,0.06098252646616028,0.06042479487006439,0.05986786423391301,0.05931187674541619,0.05875696951885514,0.058203275313500814,0.05765092317150548,0.05710003897338848,0.05655074590906803,0.05600316486212868,0.05545741470467185,0.054913612499712744,0.05437187360768289,0.053832311693208186,0.053295038627999704,0.05276016428545889,0.05222779622252153,0.051698039244402416,0.05117099484833942,0.05064676054325835,0.05012542904360049,0.049607087337505344,0.04909181563228015,0.048579686183809964,0.04807076202150836,0.047565095586882045,0.04706272731217256,0.04656368417633493,0.04606797828943611,0.04557560557412834,0.04508654463493493,0.044600755933288654,0.044118181418666594,0.04363874480272127,0.043162352700943867,0.0426888968989425,0.04221825801756831,0.041750310837873734,0.04128493148416669,0.04082200653067716,0.04036144387771042,0.039903184931233265,0.03944721723108634,0.03899358625215121,0.038542404727559994,0.038093857618926814,0.037648200901640165,0.03720575274074769,0.03676687644687794,0.036331955774824065,0.03590136450532299,0.0354754335807652,0.035054420040894325,0.034638482335246835,0.03422766608736431,0.033821903037547056,0.033421023888027715,0.033024783490679666,0.032632894727119596,0.03224506599072674,0.03186103670667855,0.03148060591092339,0.031103650394544595,0.03073013094681043,0.03036008733817977,0.02999362443496333,0.029630892918928474,0.02927206837456947,0.028917332072315463,0.028566855831166735,0.028220792172547565,0.027879269852873995,0.027542393990023565,0.027210249482977816,0.026882906269563335,0.026560425104714732,0.02624286286195168,0.025930276750195356,0.025622727204161,0.02532027949094855,0.025023004254928313,0.024730977302504942,0.02444427893001971,0.0241629930506097,0.02388720630630611,0.02361700728066144,0.023352485867489396,0.023093732808480354,0.022840839386921198,0.022593897253940506,0.022352998364042663,0.02211823500502291,0.02188969992184847,0.021667486554889134,0.021451689442695984,0.02124240488458738,0.02103973203014357,0.020843774681523958,0.020654644295332075,0.02047246501470943,0.020297382157390055,0.020129576624470867,0.0199692895270145,0.01981686459194673,0.01967282179168016,0.01953798632323156,0.019413716703434822,0.0193023113479204,0.0192077393269028,0.01913694797684804,0.019102209167731102,0.01912500831483576,0.019242491771011033,0.019510956309362133,0.020002466033145566,0.02067934681073048,0.02067934681073048
1.0333333333333334,0.0,0.0,0.0,0.0,0.0,0.0,0.0,0.0,0.0,0.0,0.0,0.0,0.0,0.0,0.0,0.0,0.0,0.0,0.0,0.0,0.0,0.0,0.0,0.0,0.0,0.0,0.0,0.0,0.0,0.0,0.0,0.0,0.0,0.0,0.0,0.0,0.0,0.0,0.0,0.0,0.0,0.0,0.0,0.0,0.0,0.0,0.0,0.0,0.0,0.0,0.0,0.0,0.0,0.0,0.0,0.0,0.0,0.0,0.0,0.0,0.0,0.0,0.0,0.0,0.0,0.0,0.0,0.0,0.0,0.0,0.0,0.0,0.0,0.0,0.0,0.0,0.0,0.0,0.0,0.0,0.0,0.0,0.0,0.0,0.0,0.0,0.0,0.0,0.0,0.0,0.0,0.0,0.0,0.0,0.0,0.0,0.0,0.0,0.0,0.0,0.0,0.0,0.0,0.0,0.0,0.0,0.0,0.0,0.0,0.0,0.0,0.0,0.0,0.0,0.0,0.0,0.0,0.0,0.0,0.0,0.0,0.0,0.0,0.0,0.0,0.0,0.0,0.0,0.0,0.0,0.0,0.0,0.0,0.0,0.0,0.0,0.0,0.0,0.0,0.0,0.0,0.0,0.0,0.0,0.0,0.0,0.0,0.0,0.0,0.0,0.0,0.0,0.0,0.0,0.0,0.0,0.0,0.0,0.0,0.0,0.0,0.0,0.0,0.0,0.0,0.0,0.0,0.0,0.0,0.0,0.0,0.0,0.0,0.0,0.0,0.0,0.0,0.0,0.0,0.0,0.0,0.0,0.0,0.0,0.0,0.0,0.0,0.0,0.0,0.0,0.0,0.0,0.0,0.0,0.0,0.0,0.0,0.0,0.0,0.0,0.0,0.0,0.0,0.0,0.0,0.0,0.0,0.0,0.0,0.0,0.0,0.0,0.0,0.0,0.0,0.0,0.0,0.0,0.0,0.0,0.0,0.0,0.0,0.0,0.0,0.0
